{"noiseKey":{"private":{"type":"Buffer","data":"6FxbwxdNPhIE0SFoujUvnEfrEBroV/oSJ+sFHne//3I="},"public":{"type":"Buffer","data":"nyIvedTm1xIE4b4eNuNIGR4vYmEpACsCZOH1gA53PCw="}},"signedIdentityKey":{"private":{"type":"Buffer","data":"gGkpC8ayExUjjplGXmTlbTnFdqy2FX+s1s+1XVJ4EFI="},"public":{"type":"Buffer","data":"rBbHWr2JgmNMwxXS+ftuRfW0Oh6VxmU2P1Kx3vREACE="}},"signedPreKey":{"keyPair":{"private":{"type":"Buffer","data":"0PMTDoLFsT68d/KT8iBQlZIu3XGFwQc0DD/NfSt7EUM="},"public":{"type":"Buffer","data":"zVMloxm+9CddbBBtMemrGRnjlwPtLcYYRgZdTHwidTs="}},"signature":{"type":"Buffer","data":"8m3gJu1FOZsny+6RfP9J3NoKzq4fmavtLVRhdyN8neBFlFOVH9Q3d+1m77TT9I/sQGfqdSAyzzqzJPRltPA9Ag=="},"keyId":1},"registrationId":248,"advSecretKey":"cGljwNTYhGJpu97GUT6eXvscXiGk9DoLTgyj2m0lyaY=","processedHistoryMessages":[{"key":{"remoteJid":"62895375577040@s.whatsapp.net","fromMe":true,"id":"7CCCD3A31B44E1E956F0E84513A141D1"},"messageTimestamp":1679423302},{"key":{"remoteJid":"62895375577040@s.whatsapp.net","fromMe":true,"id":"A89DAC3C309D87BA354DE5E5D6D58D8E"},"messageTimestamp":1679423303},{"key":{"remoteJid":"62895375577040@s.whatsapp.net","fromMe":true,"id":"4AB7F76744C7262818A0288C2E56390C"},"messageTimestamp":1679423306},{"key":{"remoteJid":"62895375577040@s.whatsapp.net","fromMe":true,"id":"6ABC3FDA9B839A78925F9531B40B42AC"},"messageTimestamp":1679423307}],"nextPreKeyId":31,"firstUnuploadedPreKeyId":31,"accountSyncCounter":1,"accountSettings":{"unarchiveChats":false},"account":{"details":"CNuq2eIBEL/u56AGGAw=","accountSignatureKey":"YQU2HtlIJ8mv4VhWyHN/80WxtWQ5GtpsExZ5usmAmk4=","accountSignature":"YgW+lLR5jKJ5gymI7MQqay79fHa9p+sInJgINou+2qH1mn2tuw7LsKKOnr37G4aoeaI6Ibx8psHu2NxJFMm/DQ==","deviceSignature":"fCOrFWHTSDrlCC5a0cw+WLxYx0p7QlUJywenMmkhvhdgfrSZwi+u3Y07kXInffsi+VZJTbYAIUlKDw/yTZlkDA=="},"me":{"id":"62895375577040:14@s.whatsapp.net","jid":"62895375577040@s.whatsapp.net","name":"Riski Botz"},"signalIdentities":[{"identifier":{"name":"62895375577040:14@s.whatsapp.net","deviceId":0},"identifierKey":{"type":"Buffer","data":"BWEFNh7ZSCfJr+FYVshzf/NFsbVkORrabBMWebrJgJpO"}}],"platform":"android","lastAccountSyncTimestamp":1679423472,"myAppStateKeyId":"AAAAACHJ"}